arm,run,qps,slo_goodput_rps,slo_pct,p50_ms,p95_ms,p99_ms,p999_ms,csw,migrations,ipc,mpki,dir
A,run-01,15999.04,,,1.49,,12.38,,9131.0,0.0,0.4127872478875163,0.5011987128032844,results/nginx-6/A/run-01
A,run-02,15453.65,,,1.76,,12.48,,9238.0,0.0,0.3994586762821173,0.5428248771094885,results/nginx-6/A/run-02
A,run-03,17836.08,,,2.14,,11.27,,16489.0,0.0,0.39857182768879956,0.4113770146739244,results/nginx-6/A/run-03
A,run-04,26390.68,,,1.65,,6.62,,15524.0,0.0,0.4246867644396877,0.3227106362335093,results/nginx-6/A/run-04
A,run-05,21551.63,,,1.83,,10.83,,14497.0,0.0,0.42453402977145455,0.45940798174108327,results/nginx-6/A/run-05
A,run-06,21045.78,,,1.95,,10.94,,14707.0,0.0,0.4184043245751303,0.41490965401580504,results/nginx-6/A/run-06
A,run-07,12380.04,,,2.45,,16.07,,8050.0,0.0,0.39776160989574877,0.4677174103452525,results/nginx-6/A/run-07
A,run-08,20652.18,,,2.0,,10.95,,14496.0,0.0,0.41095095023207157,0.4217729311389,results/nginx-6/A/run-08
A,run-09,26487.28,,,1.47,,6.37,,14922.0,0.0,0.4149798960942814,0.2859758899054414,results/nginx-6/A/run-09
A,run-10,17778.55,,,2.0,,11.07,,11878.0,0.0,0.40316238881978356,0.4033764253677106,results/nginx-6/A/run-10
A,run-11,18598.91,,,2.12,,11.48,,14987.0,0.0,0.3926332851743807,0.5371269840671736,results/nginx-6/A/run-11
A,run-12,18355.79,,,2.14,,11.58,,16426.0,0.0,0.40256265333614677,0.5274611207887611,results/nginx-6/A/run-12
A,run-13,12416.07,,,2.28,,15.88,,7350.0,0.0,0.3951701232040605,0.44583706819372787,results/nginx-6/A/run-13
A,run-14,21143.83,,,1.85,,10.84,,14136.0,0.0,0.41048195771636475,0.3169376572737453,results/nginx-6/A/run-14
A,run-15,18837.82,,,2.19,,11.22,,16389.0,0.0,0.4115954205948377,0.3514652824507567,results/nginx-6/A/run-15
A,run-16,21193.51,,,1.87,,10.86,,14507.0,0.0,0.4171360022435744,0.3261329569962336,results/nginx-6/A/run-16
A,run-17,20119.45,,,2.06,,11.02,,14219.0,0.0,0.40770242398987083,0.433668091423615,results/nginx-6/A/run-17
A,run-18,15006.84,,,1.78,,12.48,,9097.0,0.0,0.387028334204071,0.5300914072290746,results/nginx-6/A/run-18
A,run-19,20109.94,,,1.99,,10.99,,14897.0,0.0,0.4077989773566601,0.4474341304283418,results/nginx-6/A/run-19
A,run-20,19841.34,,,2.03,,11.07,,14563.0,0.0,0.39440823412922404,0.33687328246236536,results/nginx-6/A/run-20
B,run-01,25958.28,,,1.58,,7.16,,12317.0,11189.0,0.39762058439714476,0.34178332970753517,results/nginx-6/B/run-01
B,run-02,25848.53,,,1.76,,7.5,,13222.0,12251.0,0.3967248154022275,0.3528419246851974,results/nginx-6/B/run-02
B,run-03,27307.2,,,1.48,,7.09,,11153.0,10074.0,0.4114690101829696,0.3255005054689768,results/nginx-6/B/run-03
B,run-04,26489.19,,,1.41,,6.82,,11091.0,10175.0,0.39656044422279446,0.3398570966660458,results/nginx-6/B/run-04
B,run-05,27728.05,,,1.37,,6.85,,11338.0,10568.0,0.4158027329556651,0.32362990667996727,results/nginx-6/B/run-05
B,run-06,27173.59,,,1.62,,7.24,,11681.0,10480.0,0.4109603702501708,0.356117627565517,results/nginx-6/B/run-06
B,run-07,26250.66,,,1.68,,7.17,,11755.0,10684.0,0.39931150338812293,0.3171636426003638,results/nginx-6/B/run-07
B,run-08,26530.63,,,1.35,,6.77,,11347.0,10376.0,0.400343722008125,0.2962613908513214,results/nginx-6/B/run-08
B,run-09,26352.48,,,1.54,,7.2,,11837.0,10832.0,0.397616222992252,0.3681791450295612,results/nginx-6/B/run-09
B,run-10,26080.55,,,1.72,,7.34,,12516.0,11456.0,0.3976890746591153,0.3865907749591274,results/nginx-6/B/run-10
B,run-11,26623.54,,,1.52,,7.04,,11580.0,10545.0,0.40053902972366245,0.321161679949756,results/nginx-6/B/run-11
B,run-12,27120.45,,,1.41,,6.82,,11168.0,10431.0,0.40843736131804853,0.3162381090079329,results/nginx-6/B/run-12
B,run-13,26654.19,,,1.54,,7.2,,12159.0,11091.0,0.4062306596465255,0.3292223018613493,results/nginx-6/B/run-13
B,run-14,26593.31,,,1.53,,7.01,,12090.0,11265.0,0.40400276011963104,0.31489513197132424,results/nginx-6/B/run-14
B,run-15,27078.82,,,1.48,,6.97,,12099.0,11102.0,0.41095116798854714,0.33307357717974284,results/nginx-6/B/run-15
B,run-16,26245.18,,,1.58,,7.27,,11854.0,10767.0,0.3963714909375834,0.3946729977427093,results/nginx-6/B/run-16
B,run-17,26090.08,,,1.7,,7.2,,12290.0,11408.0,0.3979787518948835,0.32511987740253157,results/nginx-6/B/run-17
B,run-18,27206.94,,,1.38,,6.82,,11098.0,10160.0,0.40752708251714226,0.3218134602501559,results/nginx-6/B/run-18
B,run-19,26427.9,,,1.69,,7.14,,12445.0,11397.0,0.40536428597529944,0.31341237875167194,results/nginx-6/B/run-19
B,run-20,26835.91,,,1.51,,6.98,,11444.0,10504.0,0.4063363818859061,0.33129025756696356,results/nginx-6/B/run-20
C,run-01,44849.68,,,1.1,,3.64,,12703.0,4250.0,0.45312519528664646,0.15296318945873302,results/nginx-6/C/run-01
C,run-02,46908.8,,,1.04,,3.23,,11090.0,2770.0,0.4637998944711162,0.14511763974577427,results/nginx-6/C/run-02
C,run-03,45648.44,,,1.07,,3.48,,10981.0,2907.0,0.4545197999062555,0.14089704481957588,results/nginx-6/C/run-03
C,run-04,45558.33,,,1.11,,3.57,,13289.0,4540.0,0.45921039108222733,0.146243207078148,results/nginx-6/C/run-04
C,run-05,43432.6,,,1.1,,3.75,,14773.0,5829.0,0.4484391500027788,0.15380894976825069,results/nginx-6/C/run-05
C,run-06,43292.49,,,1.24,,3.86,,14732.0,5747.0,0.44293912966723953,0.15730657262055495,results/nginx-6/C/run-06
C,run-07,44600.11,,,1.07,,3.61,,10779.0,2840.0,0.4434544671951381,0.14768077434638244,results/nginx-6/C/run-07
C,run-08,44894.39,,,1.06,,3.61,,12687.0,4078.0,0.4511330268102097,0.15512531342157063,results/nginx-6/C/run-08
C,run-09,43132.16,,,1.16,,3.99,,14185.0,5261.0,0.4394467575322415,0.1624308447806169,results/nginx-6/C/run-09
C,run-10,44759.47,,,1.13,,3.53,,13213.0,4519.0,0.45155729491502655,0.1539716060632313,results/nginx-6/C/run-10
C,run-11,43918.1,,,1.15,,3.8,,13953.0,5057.0,0.44738474686428814,0.15253913495355637,results/nginx-6/C/run-11
C,run-12,45091.15,,,1.08,,3.62,,12304.0,3874.0,0.4526545233468203,0.14671216605866494,results/nginx-6/C/run-12
C,run-13,43545.41,,,1.12,,3.79,,13250.0,4661.0,0.4434743211013401,0.14922439355467695,results/nginx-6/C/run-13
C,run-14,44328.19,,,1.06,,3.62,,11876.0,3630.0,0.4443357833233928,0.14950448992707038,results/nginx-6/C/run-14
C,run-15,44369.5,,,1.07,,3.74,,13258.0,4629.0,0.45013098116187533,0.1471402393481272,results/nginx-6/C/run-15
C,run-16,45757.88,,,1.04,,3.37,,10666.0,2640.0,0.45394535433189026,0.14150928374072863,results/nginx-6/C/run-16
C,run-17,44803.67,,,1.14,,3.63,,11536.0,3271.0,0.4476780205641397,0.148411098087394,results/nginx-6/C/run-17
C,run-18,44154.54,,,1.1,,3.72,,12692.0,4254.0,0.443180278110074,0.1554129034784316,results/nginx-6/C/run-18
C,run-19,44512.59,,,1.11,,3.49,,12737.0,4202.0,0.44675718652796315,0.15187761886048226,results/nginx-6/C/run-19
C,run-20,43345.37,,,1.09,,3.83,,13765.0,5335.0,0.44292865457457936,0.15618666200404074,results/nginx-6/C/run-20
D,run-01,38112.75,,,1.2,,4.61,,18779.0,9792.0,0.44262930688050955,0.18355253549110462,results/nginx-6/D/run-01
D,run-02,36397.05,,,1.5,,5.3,,26741.0,14710.0,0.43955464865926913,0.19275771243284245,results/nginx-6/D/run-02
D,run-03,37577.54,,,1.17,,5.03,,22902.0,12118.0,0.4424246006367145,0.1855622887551268,results/nginx-6/D/run-03
D,run-04,36364.39,,,1.36,,5.0,,23010.0,12514.0,0.4378639809192725,0.1860379850439565,results/nginx-6/D/run-04
D,run-05,37398.34,,,1.24,,4.79,,19539.0,10273.0,0.43816886899959523,0.18182388270307676,results/nginx-6/D/run-05
D,run-06,35760.91,,,1.42,,4.95,,21151.0,11782.0,0.42755228949398155,0.19675116455533698,results/nginx-6/D/run-06
D,run-07,37560.15,,,1.19,,4.83,,19300.0,10205.0,0.44015224247190066,0.19486175900507055,results/nginx-6/D/run-07
D,run-08,36559.74,,,1.32,,4.98,,21121.0,11316.0,0.4333487721418357,0.19352021736148112,results/nginx-6/D/run-08
D,run-09,35274.46,,,1.38,,5.22,,24974.0,14174.0,0.4301959755842002,0.1973680094986064,results/nginx-6/D/run-09
D,run-10,36078.2,,,1.24,,4.83,,19374.0,10318.0,0.426771802563663,0.2001545672229388,results/nginx-6/D/run-10
D,run-11,36473.0,,,1.25,,4.88,,21151.0,11506.0,0.43739599489943115,0.19933421094413845,results/nginx-6/D/run-11
D,run-12,37593.59,,,1.21,,4.6,,19842.0,10477.0,0.4415435716754577,0.18173891333476436,results/nginx-6/D/run-12
D,run-13,37222.93,,,1.24,,4.59,,18918.0,9994.0,0.43451700351362155,0.1887014908113613,results/nginx-6/D/run-13
D,run-14,36491.14,,,1.3,,5.14,,21436.0,11553.0,0.4292107128155156,0.19500723917362403,results/nginx-6/D/run-14
D,run-15,34789.74,,,1.5,,5.28,,25570.0,14538.0,0.42762374735993247,0.2027978527849075,results/nginx-6/D/run-15
D,run-16,36884.0,,,1.28,,4.78,,19848.0,10543.0,0.4388362907445612,0.19291894796599385,results/nginx-6/D/run-16
D,run-17,34369.48,,,1.36,,5.03,,23894.0,13421.0,0.4264167082442339,0.20163590698626466,results/nginx-6/D/run-17
D,run-18,36296.68,,,1.29,,5.31,,23628.0,12845.0,0.4286671816886264,0.19208249736935934,results/nginx-6/D/run-18
D,run-19,36270.01,,,1.27,,5.18,,21606.0,11688.0,0.4304184011563038,0.19540038362638407,results/nginx-6/D/run-19
D,run-20,35873.68,,,1.39,,5.0,,22091.0,12315.0,0.4319251718509159,0.1966442984108833,results/nginx-6/D/run-20
