arm,metric,n,median,iqr,mean,std,ci95_half,min,max
A,qps,20,19501.510000000002,4943.540000000001,19131.5805,3900.5246964539406,1825.4807706709946,12884.34,27181.26
A,slo_goodput_rps,0,,,,,,,
A,slo_pct,0,,,,,,,
A,p50_ms,20,1.915,0.24999999999999978,1.9309999999999998,0.17926457952893035,0.08389744156471793,1.59,2.32
A,p95_ms,0,,,,,,,
A,p99_ms,20,11.01,1.7299999999999986,11.6035,2.403686368454657,1.124946920173868,6.45,15.79
A,p999_ms,0,,,,,,,
A,csw,20,14438.0,6152.0,12574.4,3346.505284778829,1566.1946844911486,7367.0,16265.0
A,migrations,20,0.0,0.0,0.0,0.0,0.0,0.0,0.0
A,ipc,20,0.4271024404655902,0.01443007865651258,0.42738388560679297,0.009842461039955298,0.0046063606213931334,0.413396516620844,0.4519817562551179
A,mpki,20,0.434333245210966,0.10982738256849922,0.43066007321761635,0.0860717897809598,0.04028237464698584,0.2607170386770051,0.6259368935238657
B,qps,20,28282.915,866.1599999999999,28006.2185,586.6769894052705,274.57012738007126,26836.75,28763.4
B,slo_goodput_rps,0,,,,,,,
B,slo_pct,0,,,,,,,
B,p50_ms,20,1.4249999999999998,0.13000000000000012,1.4449999999999998,0.10787419573402696,0.050486097458398854,1.26,1.66
B,p95_ms,0,,,,,,,
B,p99_ms,20,6.875,0.20999999999999996,6.9575000000000005,0.2395582557432261,0.11211542634566872,6.6,7.48
B,p999_ms,0,,,,,,,
B,csw,20,11792.5,877.0,11831.7,558.4313650518604,261.35092018991486,11023.0,13005.0
B,migrations,20,10828.5,975.0,10789.5,640.5818489960185,299.79808830494125,9663.0,11868.0
B,ipc,20,0.42655823843191476,0.010646357939699647,0.4258961307959036,0.006433155410993814,0.003010774808882419,0.4145370226813158,0.4373354847998936
B,mpki,20,0.3281557562043626,0.01821702326581215,0.32971792073104966,0.013729200305615936,0.006425389686002257,0.303135784125561,0.36332151390585316
