arm,run,qps,p50_ms,p95_ms,p99_ms,p999_ms,csw,migrations,ipc,mpki,dir
A,run-01,85198.69,0.311,0.599,0.775,1.119,111015.0,483.0,0.7611724820574494,0.05002486123424711,results/noif-1/A/run-01
A,run-02,84628.11,0.311,0.583,0.759,1.135,151687.0,579.0,0.7516475291670229,0.0418841271009372,results/noif-1/A/run-02
A,run-03,84691.94,0.311,0.567,0.759,1.183,152307.0,568.0,0.7599342641381104,0.043409677055236906,results/noif-1/A/run-03
A,run-04,83692.92,0.311,0.591,0.767,1.111,138523.0,541.0,0.7473248919675586,0.04363209117280062,results/noif-1/A/run-04
A,run-05,84370.79,0.311,0.583,0.751,1.063,139347.0,498.0,0.7424107280545111,0.04386191356523527,results/noif-1/A/run-05
A,run-06,82789.27,0.311,0.567,0.735,1.095,177919.0,535.0,0.74145596933606,0.040462105025903514,results/noif-1/A/run-06
A,run-07,84112.69,0.311,0.623,0.807,1.159,130891.0,535.0,0.7531394078108328,0.04002151117676487,results/noif-1/A/run-07
A,run-08,83402.01,0.311,0.551,0.719,1.095,174009.0,573.0,0.7503581112219856,0.04079569131848761,results/noif-1/A/run-08
A,run-09,85948.39,0.303,0.551,0.759,1.127,139452.0,574.0,0.7633586665114982,0.04306021793013792,results/noif-1/A/run-09
A,run-10,83912.62,0.311,0.591,0.759,1.111,131916.0,514.0,0.7492467884546146,0.046471519907983906,results/noif-1/A/run-10
B,run-01,78813.85,0.335,0.455,0.599,0.823,182482.0,22.0,0.7338226754297292,0.03950002923015284,results/noif-1/B/run-01
B,run-02,81230.9,0.319,0.455,0.615,0.815,159964.0,35.0,0.7407125591772766,0.04106017649398206,results/noif-1/B/run-02
B,run-03,80739.14,0.319,0.447,0.591,0.783,162544.0,30.0,0.7358950074249279,0.04085293985292215,results/noif-1/B/run-03
B,run-04,82942.9,0.311,0.463,0.623,0.871,142455.0,35.0,0.7316985292193517,0.041351070795656246,results/noif-1/B/run-04
B,run-05,82029.73,0.319,0.455,0.615,0.823,158807.0,26.0,0.7383186275202044,0.03897460445066332,results/noif-1/B/run-05
B,run-06,82708.53,0.319,0.455,0.615,0.815,153462.0,29.0,0.7403120813981947,0.04032839737940871,results/noif-1/B/run-06
B,run-07,82722.95,0.311,0.487,0.647,0.879,154544.0,29.0,0.7368692461816232,0.03876027156152962,results/noif-1/B/run-07
B,run-08,82273.05,0.319,0.447,0.607,0.839,162523.0,29.0,0.7411296340131924,0.039452492357911734,results/noif-1/B/run-08
B,run-09,80801.51,0.319,0.463,0.631,0.855,143393.0,26.0,0.7363576828163767,0.042427802848609454,results/noif-1/B/run-09
B,run-10,80362.3,0.327,0.455,0.607,0.815,164889.0,18.0,0.7360194282895439,0.04068476521555593,results/noif-1/B/run-10
C,run-01,82111.83,0.319,0.463,0.623,0.911,125563.0,19.0,0.7614815771981621,0.04535329635546338,results/noif-1/C/run-01
C,run-02,84060.05,0.311,0.463,0.639,0.951,112518.0,28.0,0.7623996044136894,0.045426045618954865,results/noif-1/C/run-02
C,run-03,83658.05,0.311,0.479,0.711,1.063,99862.0,29.0,0.7556304202274223,0.04405322067706966,results/noif-1/C/run-03
C,run-04,82590.54,0.319,0.487,0.671,0.927,122771.0,26.0,0.7537324080623169,0.04278836438101237,results/noif-1/C/run-04
C,run-05,83524.38,0.311,0.471,0.679,0.983,123171.0,24.0,0.7627879333251081,0.03744970482337478,results/noif-1/C/run-05
C,run-06,82337.76,0.319,0.471,0.663,0.967,126672.0,23.0,0.7627375764392621,0.04200605792571154,results/noif-1/C/run-06
C,run-07,78354.78,0.335,0.479,0.647,0.935,139748.0,23.0,0.7512057533377482,0.04383845239432175,results/noif-1/C/run-07
C,run-08,83143.95,0.319,0.479,0.695,0.983,111812.0,23.0,0.7547430870159425,0.044112264190997966,results/noif-1/C/run-08
C,run-09,83025.08,0.319,0.463,0.631,0.879,113833.0,19.0,0.7560640630600388,0.044304935857644716,results/noif-1/C/run-09
C,run-10,82768.6,0.319,0.471,0.655,0.951,127263.0,22.0,0.7592818248563826,0.038062868383820156,results/noif-1/C/run-10
D,run-01,81577.35,0.319,0.479,0.647,0.967,125022.0,25.0,0.7631926963407898,0.04135901725510621,results/noif-1/D/run-01
D,run-02,81683.05,0.319,0.487,0.655,0.919,130249.0,34.0,0.7569305906691117,0.04035454524754083,results/noif-1/D/run-02
D,run-03,82724.3,0.319,0.487,0.687,0.975,120688.0,30.0,0.7566762853200768,0.04133508343848749,results/noif-1/D/run-03
D,run-04,83099.77,0.319,0.487,0.663,0.951,126484.0,25.0,0.7577224285532599,0.03921013700347687,results/noif-1/D/run-04
D,run-05,82261.19,0.319,0.487,0.695,0.999,117548.0,24.0,0.7520812833435194,0.043456749188999805,results/noif-1/D/run-05
D,run-06,82713.78,0.319,0.471,0.655,0.959,116186.0,23.0,0.7591869104802733,0.045282239898803076,results/noif-1/D/run-06
D,run-07,83772.34,0.311,0.479,0.679,1.007,112560.0,17.0,0.7586794054268667,0.04323315116665632,results/noif-1/D/run-07
D,run-08,81147.91,0.327,0.479,0.639,0.951,122925.0,26.0,0.7493122093731205,0.04304887270963911,results/noif-1/D/run-08
D,run-09,83025.83,0.319,0.471,0.663,1.007,112868.0,33.0,0.7602273435324672,0.0438894740057415,results/noif-1/D/run-09
D,run-10,83278.1,0.319,0.463,0.639,0.927,119211.0,23.0,0.759700719400775,0.04296152904395645,results/noif-1/D/run-10
